{
    "overall": 0.038461538461538464,
    "potential": 0.038461538461538464,
    "age": 0.038461538461538464,
    "height_cm": 0.038461538461538464,
    "weight_kg": 0.038461538461538464,
    "pace": 0.038461538461538464,
    "shooting": 0.038461538461538464,
    "passing": 0.038461538461538464,
    "dribbling": 0.038461538461538464,
    "defending": 0.038461538461538464,
    "physic": 0.038461538461538464,
    "attacking_crossing": 0.038461538461538464,
    "attacking_finishing": 0.038461538461538464,
    "attacking_heading_accuracy": 0.038461538461538464,
    "attacking_short_passing": 0.038461538461538464,
    "skill_dribbling": 0.038461538461538464,
    "skill_ball_control": 0.038461538461538464,
    "movement_acceleration": 0.038461538461538464,
    "movement_sprint_speed": 0.038461538461538464,
    "movement_agility": 0.038461538461538464,
    "power_shot_power": 0.038461538461538464,
    "power_stamina": 0.038461538461538464,
    "power_strength": 0.038461538461538464,
    "mentality_positioning": 0.038461538461538464,
    "mentality_vision": 0.038461538461538464,
    "defending_marking_awareness": 0.038461538461538464
}